basin_count,search_type,search_terms,basin_code,basin_name,ra_name,search_completed,preliminary_search,notes
G. Basin specific searches,Narrow by > Search within results (AND),"The above rows are the terms used for every search. The following rows are the 314 individual searches that need to be run. We found in manual searching the search within results yielded better results than having the basin specific searches within the primary search function. In addition, we found that the Group Duplicate function was also helpful in reducing the number of results.",BCODE,Basin_Name,RA Name,Has search been completed and all files downloaded? (Y/N/Issues),Has preliminary review been completed? (Y/N/Issues),"Search Notes, Identify any issues"
1,Narrow by > Search within results (AND),Adige,ADIG,Adige,Raunaq (only need to do the preliminary review for meeting criteria),N,N,
2,Narrow by > Search within results (AND),Akpa,AKPA,Akpa,Raunaq,Y,N,
3,Narrow by > Search within results (AND),Alakol,ALKL,Alakol,Raunaq,Y,N,
4,Narrow by > Search within results (AND),Alsek OR Bates Lake,ALSK,Alsek,Raunaq,Y,N,
5,Narrow by > Search within results (AND),Amacuro,AMCR,Amacuro,Raunaq,Y,N,
6,Narrow by > Search within results (AND),Amur OR Emur OR Huma OR Muling OR Naoli OR Songhua OR Amagun OR Argun OR Bikin OR Bureya OR CAPS(Dep) OR Gazimur OR Gilyuy OR Ingoda OR Kur OR Onon OR Oz. Chukchagirskoye OR Oz. Khanka OR Oz. Udyl' OR Shilka OR CAPS(Tok) OR Urmi OR Ussuri OR Zeya,AMUR,Amur,Raunaq,N,N,
7,Narrow by > Search within results (AND),Amazon OR Apere OR Baures OR Beni OR Guapore OR Guapore Itenex OR Lago de San Luis OR Lago Rogaua OR Madidi OR CAPS(Paragua) OR Rapulo OR San Martin OR San Miguel OR CAPS(Secure) OR Yata OR Abacaxis OR Abuna OR Acalau OR Acarai OR CAPS(Agua) Pceta OR Ajuana OR Alalau OR Anama OR Anaua OR Andma OR Apiaca OR Apiau OR Apidia OR Araca OR Araua OR Arinos OR Aripuana OR Arracias OR Arrairas OR Bacaja OR Bau OR Bia OR Brea OR Buriti OR Cach.Do Tareraimbu OR Cachoeir da Bateria OR Cachoeira Caracarai OR Cachoeira das Sete Quadas OR Cachoeira de Rebojo OR Cachoeira do Desatre OR Cachoeira do Pimena OR Cachoeira dos Indios OR Cachoeira Grande OR Cachoeira Ipada OR Cachoeira Ipanore OR Cachoeira Maranhao Grande OR Cachoeira Mergulhao OR Caluene OR Camanaa OR Camarure OR Canuma OR Capucapu OR Carabinuni OR Carajari OR Catete OR Catrimani OR Cauaburi OR Caures OR Cautario OR Chiche OR Coari OR Cotingo OR Crarari OR Crepori OR Cuiaba OR Cuiani OR Culiseu OR Cura do Sal OR Curicariari OR Curiuau OR Curu OR Curua OR Curua Una OR Curuaes OR Curuca OR Daraa OR Demini OR Demiti OR Do Paulo OR Embari OR Embira OR Fagundes OR CAPS(Ferro) OR CAPS(Fresco) OR Gregorio OR CAPS(Ia) OR CAPS(Ica) OR Igara Parana OR Imabu OR Infari OR Ipixuna OR Iriri OR Iriri Novo OR Itacuai OR Itari OR Itata OR Itaxi OR Itiguira OR Jaa OR Jamanxim OR Jamari OR Jandiatuba OR Japura OR Jaraucu OR Jari OR Jaru OR Jatapa OR Jatoba OR Jau OR Jauaperi OR Jiparana OR Jotoba OR Juina OR Jurua OR Juruena OR Jutai OR Uberaba OR de Sapucua OR do Erepeca OR Gaibo OR Grande de Manacapuru OR Mandiore OR Lago Canacari OR Liberdade OR Madeira OR Madeirinha OR Maicara OR Majari OR Mamore OR Manicana Micu OR Manso OR Mapuera OR Marapi OR Marauia OR Marie OR Maues OR Moaco OR Mucajai OR Mucucuau OR Nhamunda OR Nivo OR Padauiri OR Papagaio OR CAPS(Para) OR Paranarta OR Pareis OR Paru de Oeste OR Pauini OR CAPS(Paz) OR Peixes OR Peixoto de Azevedo OR Pinhua OR Piratucu OR Preto OR CAPS(Puras) OR Purue OR Purus OR Riozinho OR Ronuro OR Rpresa da Balbina OR Sacuriuina OR Salao OR Sangue OR Sao Benedito OR Sao Lourenco OR Sao Tume OR Sauenina OR Saueruina OR Solimooes OR Soterio OR Steinen OR Sucanduri OR Suir Micu OR Suluene OR Suramu OR Surumu OR Tamitatoula OR Batovi OR Tanguro OR Tapajos OR Tapaua OR Tapera OR Taruaca OR Tauini OR CAPS(Tea) OR Tefe OR Teles Pires OR Sao Manuel OR Theodore Roosevelt OR Tocantins OR CAPS(Triunfo) OR Uatuma OR Uneiaxi OR Unini OR Uraca OR Uraricoera OR Uruba OR Urubaxi OR CAPS(Verde) OR Vveni OR Xeriuini OR Xie OR Xingu OR Xirua OR Yavare OR Ajaju OR Apaporis OR Caqueta OR Cuduyari OR Icana OR Isasna OR Papuri OR Quainia OR Raudal Yupurari OR Devil's Cataract OR Tiquie OR Traira OR Uaupes OR Yari OR Curaray OR Morona OR Cafuini OR Ireng OR Tacutu OR CAPS(Acre) OR Allto Purus OR Apurimac OR CAPS(Blanco) OR Chandless OR CAPS(Chili) OR Correntes OR Heath OR Huallaga OR Iaco OR Inambari OR Inuya OR Jarua OR Manu Madre de Dios OR Manuripi OR Maranon OR Moranon OR Napo OR Orton OR Pachitea OR Pampas OR Postaza OR Putumayo OR San Juan OR Santa Ana OR Santa Eulalia OR Santuario OR Sheshea OR Tamuya OR Tapiche OR CAPS(Tigre) OR Ucayali OR Urabamba OR Yavari OR Trombetas OR Biria OR Casiquiare OR Concorochite OR CAPS(Grande) OR CAPS(Negro),AMZN,Amazon,Raunaq,N,N,
8,Narrow by > Search within results (AND),An Nahr Al Kabir OR Nahr Ibrahim,ANAK,An Nahr Al Kabir,Raunaq,Y,N,
9,Narrow by > Search within results (AND),Angerman,ANGE,Angerman,Raunaq,Y,N,
10,Narrow by > Search within results (AND),Annole,ANNL,Annole,Rachel,N,N,No Results
11,Narrow by > Search within results (AND),Aral OR Syr Daria OR Naryn OR Amu Daria OR Syr Darya OR Amu Darya OR Akhangaran OR Chirchik,ARAL,Aral Sea,Raunaq,N,N,
12,Narrow by > Search within results (AND),Asi OR Orontes OR Amik Golu,ASIX,Asi/Orontes,Raunaq,N,N,
13,Narrow by > Search within results (AND),Artibonite OR Depeligre,ATBN,Artibonite,Raunaq,Y,N,
14,Narrow by > Search within results (AND),Astara Chay,ATCY,Astara Chay,Raunaq,Y,N,
15,Narrow by > Search within results (AND),Atrak OR Sumber,ATRK,Atrak,Raunaq,Y,N,
16,Narrow by > Search within results (AND),Aviles,AVLS,Aviles,Raunaq,Y,N,
17,Narrow by > Search within results (AND),Abhe Bid Hayak OR Awash OR Finochaa OR Gemeri Hayak OR Petit Akabi OR Sendafa,AWSH,Awash,Raunaq,N,N,
18,Narrow by > Search within results (AND),Aysen,AYSN,Aysen,Raunaq,Y,N,
19,Narrow by > Search within results (AND),Baker OR Cochrane,BAKR,Baker,Raunaq,N,N,
20,Narrow by > Search within results (AND),Bann OR CAPS(Black Water) OR Laugh Neagh OR CAPS(Lower Laugh) Erine,BANN,Bann,Raunaq,N,N,
21,Narrow by > Search within results (AND),Bahr at Tubat,BATU,Bahr at Tubat,Raunaq,N,N,
22,Narrow by > Search within results (AND),Bidasoa,BDSO,Bidasoa,Raunaq,Y,N,
23,Narrow by > Search within results (AND),Benito OR Ntem,BENT,Benito/Ntem,Raunaq,N,N,
24,Narrow by > Search within results (AND),Bia,BIAX,Bia,Raunaq,N,N,
25,Narrow by > Search within results (AND),Beilun,BLUN,Beilun,Raunaq,Y,N,
26,Narrow by > Search within results (AND),Belize OR Mopan,BLZE,Belize,Raunaq,N,N,
27,Narrow by > Search within results (AND),Bangau,BNGU,Bangau,Raunaq,Y,N,
28,Narrow by > Search within results (AND),Oued Bou Namoussa,BNSA,Oued Bou Namoussa,Raunaq,Y,N,
29,Narrow by > Search within results (AND),Berbyelva,BRBY,Berbyelva,Raunaq,Y,N,No results
30,Narrow by > Search within results (AND),Baraka,BRKA,Baraka,Raunaq,Y,N,
31,Narrow by > Search within results (AND),Barima,BRMA,Barima,Raunaq,Y,N,
32,Narrow by > Search within results (AND),Barta,BRTA,Barta,Raunaq,Y,N,
33,Narrow by > Search within results (AND),Buzi OR Rio Revue OR Chibudzana OR Nyanhombo OR CAPS(Rio) OR Sterkstroom,BUZI,Buzi,Raunaq,N,N,
34,Narrow by > Search within results (AND),Caetani,CAET,Caetani,Raunaq,Y,N,
35,Narrow by > Search within results (AND),Ca OR Song Lam,CAXX,Ca/Song Lam,Raunaq,N,N,
36,Narrow by > Search within results (AND),Candelaria,CDLR,Candelaria,Raunaq,Y,N,
37,Narrow by > Search within results (AND),Changuinola,CGNL,Changuinola,Raunaq,Y,N,
38,Narrow by > Search within results (AND),Carmen Silva OR Chico,CHIC,Carmen Silva/Chico,Raunaq,Y,N,
39,Narrow by > Search within results (AND),Chira,CHIR,Chira,Raunaq,Y,N,
40,Narrow by > Search within results (AND),Choluteca,CHLT,Choluteca,Raunaq,Y,N,
41,Narrow by > Search within results (AND),Chuy,CHUY,Chuy,Raunaq,Y,N,
42,Narrow by > Search within results (AND),Colorado OR CAPS(Alamo Lake) OR Alamosa OR Bartlett OR CAPS(Big) Sundy OR Bill Williams OR CAPS(Bitter Creek) OR CAPS(Blue Mesa Reservior) OR Bouse CAPS(Wash) OR Bug Chino CAPS(Wash) OR CAPS(Bullfrog) OR CAPS(Burro) Creek OR Canon Largo OR Chaco Chinle Wash OR CAPS(Cherry Creek) OR Colorado OR CAPS(Comb Wash) OR CAPS(Conejos) OR CAPS(Cottonwood) Wash OR Crtstal OR CAPS(Dad Clark Gulch) OR CAPS(Dirty Devil) OR Dolores OR Duchesne OR Schwacheim Creek OR CAPS(East Bitter Creek) OR CAPS(East Verde) OR Escalante OR Florida OR Fremont OR Gannison OR Gila OR CAPS(Green) OR Halls Creek OR Hassayampu OR Imperial Reservior OR Kanab Creek OR Lake Havase OR Lake Mead OR Lake Mohave OR Lake Powell OR CAPS(Los Pinos) OR Mancos OR CAPS(Moon Lake) OR CAPS(Muddy Creek) OR Navajo Reservior OR CAPS(New) OR CAPS(Nine Mile Creek) OR CAPS(Oak Creek) OR Paria OR Piceance Creek OR Pinon Canyon Arroyo OR CAPS(Price) OR Purgatoire OR Roan Creek OR Roaring Fork OR Rock Creek OR Sacramento Wash OR San Juan OR San Miguel OR San Rafael OR Santa Maria OR Senac Creek OR Show Low Creek OR Stinking Lake OR Strawberry OR Strawberry Reservior OR CAPS(Taylor) OR Trout Creek OR Uinta OR Uncompahagre OR CAPS(Verde) OR West Toll Gate Creek OR CAPS(White) OR CAPS(Willow Creek) OR CAPS(Yellow Creek),CLDO,Colorado,Raunaq,N,N,
43,Narrow by > Search within results (AND),Chilkat,CLKT,Chilkat,Raunaq,Y,N,
44,Narrow by > Search within results (AND),Columbia OR Christina Lake OR Clolumbia OR Columbia Lake OR CAPS(Cranberry) OR Duncan Lake OR CAPS(Dutch) OR Findlay OR CAPS(Fry) OR CAPS(Goat) OR Hosethief OR Kootenay OR Kootenay Lake OR Lardean OR Lower Arrow Lake OR Skaha Lake OR Slocan Lake OR Upper Arrow Lake OR Whiteswan Lake OR Windermere Lake OR Banks Lake OR Bunt OR Burrell OR Butter OR Chewuch OR CAPS(Crab) OR CAPS(Crater) OR CAPS(Crooked) OR Deschutes OR Grandy OR Imnaha OR Jon Day OR Joseph Cr OR Kalama OR Klickitat OR Lake Chelan OR Lake Owyhee OR Lake Pend Ireukke OR CAPS(Billy Chinook) OR Little Crater Creek OR Little Malheur OR Lostine OR Lower Willow Creek OR Malheur OR McKenzie OR Meadow Creek OR Methow OR Middle Creek OR CAPS(Middle Fork) OR Minam OR CAPS(Mine Creek) OR Moses Lake OR N Fork Sanpoil OR N Fork Jon Day OR North Fork OR North Fork Sugar Creek OR North Santiam OR North Sugar Creek OR Ochoco Lkae OR Okanogan OR Omak Lake OR Osoyoos Lake OR Owyhee OR Palouse OR Pend Oreille OR Pleasany Creek OR Pole Creek OR Potholes OR Potlatch OR CAPS(Powder) OR Prineville OR CAPS(Rock) OR Roosevelt Lake OR Rufus Woods Lake OR CAPS(Salmon) OR Sanpoil OR CAPS(Snake) OR South Santiam OR St. Joe OR St. Maries OR Troublesome Creek OR Trout Creek OR Tumalo OR Turkey Creek OR Umatilla OR Ute Creek OR Wala Wala OR Wallowa OR Wallowa Lake OR CAPS(Warm Springs) OR Wenaha OR West Little Owyhee OR Willamette OR Williams Fork OR Willow Creek OR Yakima,CLMB,Columbia,Rachel,N,N,
45,Narrow by > Search within results (AND),Chiloango,CLNG,Chiloango,Raunaq,Y,N,no results
46,Narrow by > Search within results (AND),Cancoso OR Lauca OR Lagoon de Coipasa,CNCS,Cancoso/Lauca,Raunaq,Y,N,
47,Narrow by > Search within results (AND),Connecticut,CNCT,Connecticut,Raunaq,N,N,
48,Narrow by > Search within results (AND),Congo OR Zaire OR Cambo OR Chiumbe OR Cuilo OR Luangue OR Lui OR Uamba OR Borodo OR Chinko OR Kotto OR Lim OR Lobaya OR Mambere OR Mbali OR Mbari OR Mpoko OR Ouaka OR Ouarra OR Pama OR Bek OR Boumba OR Boumbe II OR Dja OR Doume OR Kadei OR Aka OR Aruwimi OR Asa OR Bakali OR Bilati OR Bili OR Bima OR Bolmobo OR Bomu OR Bushmaie OR Bwere OR Chicapa OR Damu OR Dengu OR Dua OR Dungu OR Duru OR Ebola OR Elila OR Fimi OR Gada OR Gangu OR Garamga OR Giri OR Gurba OR Gwane OR Ibina OR Ikelemba OR Inzia OR Itimbiti OR Ituri OR Kama OR Kaongesh OR Kapili OR Kasai OR Cassai OR Kibali OR Kwango OR Cuango OR Kwenge OR Kwilu OR Lac de Retenue OR Lac Mai Ndombe OR Lac Ntomba OR LacUpembo OR Lake Mweru OR Lenda OR Likati OR Lindi OR Loange OR Loile OR Lokolo OR Lokoro OR Lomako OR Lomami OR Lomlera OR Lopori OR Lovua OR Luachimo OR Lualaba OR Luama OR Lubadi OR Lubefu OR Lubi OR Lubilash OR Lubudi OR Lubue OR Lubuero OR Luembe OR Lueo OR Lueob OR Lueta OR Lufira OR Luilaka OR Luilu OR Luizi OR Lukashi OR Lukeni OR Lukuga OR Lukunga OR Lulonga OR Lulua OR Lupweji OR Lushiko OR Lutshima OR Luvidjo OR Luvua OR Maiko OR Maringa OR Momboyo OR Mongala OR Nagaya OR Nava OR Nepoko OR Nzoro OR CAPS(Oso) OR Pool Malebo OR Rubi OR Ruki Bushira OR Salonga OR Sankuru OR Shiuapa OR Tele OR Tshopo OR Ubangi OR Oubngai OR Uele OR Uere OR Ulindi OR Wamba OR Yenge OR Alima OR Djoue OR Elia OR Ibenga OR Kandeko OR Kouyou OR Lefini OR Lengoue OR Likouala OR Likuala OR Lowa OR Lugulu OR Mambili OR Opa OR Motaba OR Ngoko OR N'keni OR Oubangi OR Ubungi OR Sangha OR Lake Bangweula OR Lake Mweru Luapula OR Luapula,CNGO,Congo/Zaire,Raunaq,N,N,
49,Narrow by > Search within results (AND),CAPS(Coco) OR Segovia OR Amaka OR Bocay OR Waspuk,COCO,Coco/Segovia,Raunaq,N,N,
50,Narrow by > Search within results (AND),Comau,COMA,Comau,Raunaq,Y,N,
51,Narrow by > Search within results (AND),CAPS(Copper),COPR,Copper,Raunaq,N,N,
52,Narrow by > Search within results (AND),CAPS(Cross),CROS,Cross,Raunaq,N,N,
53,Narrow by > Search within results (AND),Corantijn OR Courantyne,CRTY,Corantijn/Courantyne,Raunaq,Y,N,no results
54,Narrow by > Search within results (AND),Coruh,CRUH,Coruh,Raunaq,Y,N,
55,Narrow by > Search within results (AND),Castletown,CSTL,Castletown,Raunaq,Y,N,
56,Narrow by > Search within results (AND),Cestos OR Nuon,CSTO,Cestos,Raunaq,Y,N,
57,Narrow by > Search within results (AND),Coatan Achute,CTAT,Coatan Achute,Raunaq,Y,N,No results
58,Narrow by > Search within results (AND),Cetina,CTNA,Cetina,Raunaq,Y,N,
59,Narrow by > Search within results (AND),Catatumbo,CTTB,Catatumbo,Raunaq,Y,N,
60,Narrow by > Search within results (AND),Cullen,CULL,Cullen,Raunaq,N,N,
61,Narrow by > Search within results (AND),Cavally OR Dube,CVLY,Cavally,Raunaq,N,N,
62,Narrow by > Search within results (AND),Corovode OR Flog OR Prishte OR Almbach OR Attersee OR Danube OR Donau OR Drau OR Enns OR Fischa OR Freibach OR Glan OR Gurk OR Hollersbach OR Ill OR Kamp OR Lutz OR Moell OR Mur OR Murz OR Naarn OR Otzaler Ache OR Piesting OR Salza OR Steyr OR Stubache OR Traisen OR Traun OR Traunsee OR Wagrainer Ache OR Worther See OR Ybbs OR Zamser Bach OR Zemm OR Ziller OR Dabnika OR Dere OR Iskar OR Iskur OR Lajenska bara OR Lom OR Lomoashko dere OR Ogosta OR Osum OR Rositsa OR Skut OR Tuchenishka reka OR Vit OR Yantra OR Yazovir A. Stamboliyski OR Yazovir Iskur OR Drinjaca OR Musnica OR Vrba OR Jihlava OR Morava OR Jihalva OR Markovka OR Sveceny potok OR Svratka OR Amper OR Asenbach OR Breg OR Brigach OR Chamb OR Chiem see OR Forvven see OR Glonn OR Gunz OR Iller OR Ilz OR Isar OR Lech OR Naab OR Paar OR Riss OR Rot OR Rott OR Rottach OR Salzach OR Vils OR Walchen see OR Wertach OR Zusam OR Bednja OR Karasica OR Vuka OR Balaton OR Ipoly OR Kapos OR Koppany OR Koros OR Lajta OR Leitha OR Marcal OR Raba OR Sarviz sio OR CAPS(Sio) OR Szaraz Er OR Velencei To OR CAPS(Inn) OR Spol OR Ialpag OR Amaradia OR Arges OR Bahluet OR Bahlui OR Barzava OR Basca mare OR Baseul OR Batul OR Bega OR Belareca OR Berheci OR Bicaz OR Birlad OR Bistra OR Bistrita OR Bistrita Ardealului OR Bizaya OR Borcea OR Brarul Salina OR Bratul Chilia OR Bratul Sfintu Gheorghe OR Buzau OR Calmatui OR Cerna OR Cernas OR Colentina OR Cotorca OR Cumpana OR Desnatui OR Dimbovita OR Doamnei OR Drincea OR Dunarea OR Gilort OR Gologan OR Gurguiata OR Ialomita OR Jijia OR Jiu OR Callarasi OR Lacal Brates OR Lacul Cabal OR Lacul Greaca OR Lacul Potelu OR Lacul Suhaia OR Lisova OR Moldova OR Mostistea OR Mostru OR Motru OR Mures OR Maros OR Neajlov OR Olanesti OR Olt OR Oltet OR Pereschiv OR Podriga OR Poganis OR Prahova OR Putna OR Raul Doamnei OR Rimna OR Rimnic OR Sebes OR Simila OR Sitna OR Suceave OR Teleorman OR Timis OR Tutova OR Valea Seaca OR Valsan OR Vedea OR Cierny Vah OR Dunaj OR Jablonianka OR Teplicka OR OR Drava OR Ipel OR Ipoli OR Hron OR Nitra OR Vah OR Cheremosh OR Ozero Kahul OR Ozero Katlabukh OR Ozero Kytay OR Ozero Yapuh OR Prut OR Siret OR Beli Rzav OR Beli Timok OR Binacka Morava OR Bosut OR Brzava OR Caras OR Cehotina OR Crni Radalj OR Detinja OR Drina OR Grliska Reka OR Ibar OR Jablanica OR Jadar OR Jasenica OR Juzna Morava OR Kolubara OR Krivaja OR Lim OR Lipovica OR Mlava OR Moravica OR Nisaua OR Pek OR Piva OR Raska OR Resava OR Sava OR Silinica OR Tamis OR Tamnava OR CAPS(Tara) OR Timok OR Tisa OR Toplica OR Uvac OR Velika Morava OR Zapadna Morava,DANU,Danube,Raunaq,N,N,
63,Narrow by > Search within results (AND),Daoura,DAUR,Daoura,Rachel,Y,N,
64,Narrow by > Search within results (AND),Digul,DIGL,Digul,Rachel,Y,N,
65,Narrow by > Search within results (AND),Dnieper OR Byarezina OR Pinsk Marshes OR Ptsich OR Sozh OR Iput' OR Desna OR Dniepr OR Horyn' OR Inhulets OR Kremenchats'ke Vdskh OR Prypyats' OR Ps'ol OR Seym OR Sluch OR Snov OR Stokhid OR Styr OR Sula OR Uzh OR Vopskla OR,DNPR,Dnieper,Raunaq,N,N,
66,Narrow by > Search within results (AND),Dniester OR Dniestr OR Seret,DNSR,Dniester,Rachel,Y,N,
67,Narrow by > Search within results (AND),CAPS(Don) OR Kalaus OR Khoper OR Medreditsa OR Oskol OR Oz Manych Gudilo OR Sal OR Sir. Donets OR Sosna OR Tsimlyanskoye Vdkhr OR Vorona OR Voronezh,DONX,Don,Raunaq,N,N,
68,Narrow by > Search within results (AND),Dragonja,DRAG,Dragonja,Rachel,Y,N,
69,Narrow by > Search within results (AND),Dra OR Qued Zemoul OR Qued Dades,DRAX,Dra,Rachel,Y,N,
70,Narrow by > Search within results (AND),Cemerice OR Drin OR Drinizi OR Fshat OR Gjemon OR Gjonc OR Kamenice OR Kasaj OR Lavdan OR Leminot OR Markez OR Ohridsko Jezero OR Lake Ohrid OR Prifte OR Sopale OR Teqese OR T'plan OR Tropoje OR Verlen OR Zberga OR Beli Drim OR Pecska Bistrica,DRIN,Drin,Raunaq,N,N,
71,Narrow by > Search within results (AND),Dasht,DSHT,Dasht,Rachel,Y,N,
72,Narrow by > Search within results (AND),Drysa OR Dzirina Zakh OR Dzisna OR Voz Drysvyaty OR Voz Snudy OR Levuo OR Aiviekeste OR Berze OR Daugava OR Lecaba OR Lielupe OR Lubanas Ezers OR Lucava OR Maita OR Memele OR Misa OR Musa OR Ogre OR Pededze OR Reznas Ezers OR Rusonu Ezers OR Sivera Ezers OR Svete,DUGV,Daugava,Raunaq,N,N,
73,Narrow by > Search within results (AND),Adaja OR Aliste OR Bembezar OR Bibey OR Cea OR Cega OR Duero OR Embalse de Saucelle OR Embalse de Barropis de Luna OR Embalse De Linares OR Embalse de Richobayo OR Embalse de santa Teresa OR Embalse del Agueda OR Embalse de Almendra OR Embalse de Burgomillodo OR Embalse de la Cuerda del pozo OR Eresma OR Eria OR Esgueva OR Esla OR Espartero OR Guarena OR Huebra OR Largo de Sanabria OR Mourela OR Orbigo OR Porma OR Retortillo OR San Miguel OR Sequillo OR Tera OR Torio OR Tormes OR Travancos OR Valderaduey OR Valdesirgas OR Yeltes OR Agueda OR Arcosso OR Cabrum OR Cavado OR Coa OR Douro OR Embalse alse de Saucelle OR Embalse de Aldeadavila OR Paiva OR Rabacal OR Rabagao OR CAPS(Sabor) OR CAPS(Sabroso) OR CAPS(Seco) OR CAPS(Sordo) OR Tamega OR Tavora OR Tua OR Tuela OR Varosa,DURO,Douro/Duero,Raunaq,N,N,
74,Narrow by > Search within results (AND),CAPS(Aguas Limpias) OR Al canadre OR Ara OR Aragon OR Arba OR Arga OR Barranco El Grado OR Bergantes OR Cinca OR Ebro OR Embalse de Santolea OR Embalse de Sotonera OR Embalse de Canelles OR Embalse de Mediano OR Embalse de Santa Anna OR Embalse de Talarn OR Embalse de Yesa OR Embalse de Mequinenza OR Esca OR Escarra OR Esera OR Espot OR Gallego OR Guadalope OR Huerva OR Irati OR Jalon OR Jiloca OR Lago Arriel OR Martcn OR Noguera Pallaresa OR Noguera Ribagorzana OR Panta de Riva-roga OR Peguera OR Pineta OR Riguel OR Segre OR Somero OR Urdiceto,EBRO,Ebro,Raunaq,N,N,
75,Narrow by > Search within results (AND),Elbe OR Bilina OR Moricuv potok OR Mze OR Odrava OR Ohre OR Ploucnice OR Radbuza OR Tepla OR Aland OR Alster OR Biese OR Bleiloch Talsperre OR Bode OR Do sse OR Dumme OR Ehle OR Fiener Bruch OR Fuhne OR Havel OR Ilm OR Jeetzel OR Kalte Bode OR Milde OR Mulde OR Rappbode OR Saale OR Schaal see OR Schilde OR Schwarze Elster OR Selke OR Stepenitz OR Stor OR Sude OR Uchte OR Wipper OR Zillierbach,ELBE,Elbe,Raunaq,N,N,
76,Narrow by > Search within results (AND),Elancik,ELNK,Elancik,Rachel,N,N,No Results
77,Narrow by > Search within results (AND),Erne OR Lower Lough Erne OR Upper Lough Erne,ERNE,Erne,Rachel,Y,N,
78,Narrow by > Search within results (AND),Essequibo OR Burro-Burro OR Illiwa OR Kwitaro OR Mazarani OR Mazaruni OR Rupununi OR Siaruni OR Takutu OR Tacuta OR Cuyuni,ESQB,Essequibo,Rachel,Y,N,
79,Narrow by > Search within results (AND),Cuvelai OR Etosha,ETOS,Cuvelai/Etosha,Rachel,Y,N,
80,Narrow by > Search within results (AND),Fane,FANE,Fane,Rachel,Y,N,
81,Narrow by > Search within results (AND),CAPS(Flurry),FLRY,Flurry,Raunaq,N,N,
82,Narrow by > Search within results (AND),CAPS(Fly),FLYX,Fly,Raunaq,N,N,
83,Narrow by > Search within results (AND),Fenney,FNNY,Fenney,Rachel,Y,N,
84,Narrow by > Search within results (AND),Foyle,FOYL,Foyle,Raunaq,N,N,
85,Narrow by > Search within results (AND),Fraser OR Adams OR Adams Lake OR Akie OR Baezaeko OR CAPS(Big Creek) OR CAPS(Blueberry) OR Bonaparte OR Bowron OR Cameron OR Canim Lake OR Carp Lake OR Chilcotin OR Chilko OR Chilko Lake OR Chillwack OR Chillwack Lake OR Crooked OR Doig OR CAPS(Driftwood) OR Eutsuk Lake OR Finlay OR Francois Lake OR Gamsby OR CAPS(Gardner Canal) OR CAPS(Graham) OR CAPS(Green) Lake OR CAPS(Halfway) OR Herrick OR CAPS(Horsefly) Lake OR Ingenika OR Kitlope OR Kwadacha OR Lillooet Lake OR Mabel Lake OR Maligne Lake OR Mc Gregor OR McLeod Lake OR Mesilinka OR Milligan Creek OR Murphy Lake OR Murtle Lake OR Nachako OR Nation OR Nazko OR Nechako OR Nechako Reservoir OR Nicola OR North Thomson OR Omineca OR Ootsa Lake OR Osilinka OR Ospika OR CAPS(Peace) OR Pinchi Lake OR CAPS(Pine) OR Quesnel OR Quesnel Lake OR CAPS(Salmon) OR Shuswap Lake OR Skagit OR Stuart OR Stuart Lake OR Takla Lake OR Taseko OR Testachuck Lake OR Thomson OR Tohtsa Lake OR Trenbleur Lake OR Tsacha Lake OR West Road OR Whit Sail,FRSR,Fraser,Raunaq,N,N,
86,Narrow by > Search within results (AND),Firth OR Joe OR Mancha,FRTH,Firth,Raunaq,N,N,
87,Narrow by > Search within results (AND),Gallegos OR CAPS(Chico),GALG,Gallegos/Chico,Raunaq,N,N,
88,Narrow by > Search within results (AND),Gambia OR Sandougou,GAMB,Gambia,Raunaq,N,N,
89,Narrow by > Search within results (AND),Ganges OR Brahmaputra OR Meghna OR Jamuna OR Yarlung OR Raka OR Maquan OR Yi'ong OR Arunavati OR Baitha Nalla OR Banjari Nalla OR Barotha Nalla OR Basuki OR Betwa OR Bhat OR Bhima OR Bhudna Nalla OR Bora Nala OR Bori Nalla OR Bori OR Brah Maputra OR Buchaopa Nala OR Budhabudiani OR Chakar OR Chambal OR Chandrakeshar OR Deogud OR Dhu'sia Nalla OR Dibgrajheda OR Dihang OR Dongrakheda OR Erai OR Gamori OR Gandak OR Ganji OR Gej OR Ghaghara OR Ghod OR Ghunghutta OR Gomati OR CAPS(Human) OR Jamni OR Jhumka OR Jhura OR Kanoli OR Kans OR Ken OR Khakra Jore OR Khaprar Nalla OR Kharpara OR Kims Nalla OR Koop Nalla OR Kundan Nalla OR Lakheri OR Local Drain OR Manas OR Mandale OR Maska Nalla OR Mayurakshi OR Momanpura OR Moti Nalla OR Mutki OR Nagda Nalla OR Negri OR Pahuj OR Paras OR Paronch OR Pathrai OR Phon OR Pip Nalla OR Rajewasti OR Rohini OR Sagar Betwa OR Sajnam OR Sampna OR Saprar OR Sarda OR Shahjad OR Shetfal Nalla OR Sijar OR Sind OR Sindh Nalla OR Sindh Yamuna OR Son OR Songhua OR Subarnarekha OR Surhi OR Takli Kheda OR Tapti OR Tisla OR Uttari Stream OR Vel OR Yamuna OR Arun OR Karnali OR Sapt Kosi OR Sun Kosi OR Tamur,GANG,Ganges-Brahmaputra-Meghna,Raunaq,N,N,
90,Narrow by > Search within results (AND),Gash,GASH,Gash,Raunaq,N,N,
91,Narrow by > Search within results (AND),Geba OR Corubal OR Kayanga,GEBA,Geba-Corubal,Rachel,Y,N,
92,Narrow by > Search within results (AND),Grijalva OR Grijalva OR CAPS(Azul),GJLV,Grijalva,Raunaq,N,N,
93,Narrow by > Search within results (AND),Glama,GLAM,Glama,Rachel,Y,N,
94,Narrow by > Search within results (AND),Galana,GLNA,Galana,Rachel,Y,N,
95,Narrow by > Search within results (AND),Golok,GLOK,Golok,Rachel,Y,N,
96,Narrow by > Search within results (AND),Goascoran,GOSR,Goascoran,Rachel,Y,N,
97,Narrow by > Search within results (AND),Affluent du Lot OR Agout OR Alrance OR Ariege OR Arrats OR Aveyron OR Bage OR Baise OR Ceret OR Cerou OR Dadou OR Dourdou OR Dropt OR Garonne OR Gelise OR Gers OR Gesse OR Gimone OR Labenede OR Lezert OR Lot OR Osse OR Save OR Tarn OR Tolerme OR CAPS(Touch) OR Truel OR Truyere OR Valescure OR Vebre OR Viaur OR Vioulou OR Ardila OR Campilhas OR Chanca OR Cobres OR Dogeba OR Odivelas OR Roxo OR Vale Diogo OR Vascao OR Xarrama,GRON,Garonne,Raunaq,N,N,
98,Narrow by > Search within results (AND),Gruzskiy Yelanchik,GRYE,Gruzskiy Yelanchik,Rachel,N,N,No Results
99,Narrow by > Search within results (AND),CAPS(Great) Scarcies,GSCR,Great Scarcies,Raunaq,N,N,
100,Narrow by > Search within results (AND),Guadiana,GUDN,Guadiana,Rachel,Y,N,
101,Narrow by > Search within results (AND),Guir,GUIR,Guir,Rachel,Y,N,
102,Narrow by > Search within results (AND),Gauja,GUJA,Gauja,Rachel,Y,N,
103,Narrow by > Search within results (AND),Anpyung OR Banbyon OR Bongjeon OR Buk OR Chachon OR Chongyong OR Chungdo OR Dae OR Donghwa OR Eumsung OR Gabsan OR Geumho OR Geumpo OR Gisegok OR Guan OR Gugeo OR Gumi OR Gupyung OR Gyungho OR CAPS(Han) OR Hangye OR Ieon OR Ilgwang OR Janggok OR Jangsu OR Jasan OR Jinchon OR Jinwi OR Jongri OR Joryong OR Jungdong OR Milwon OR Mulchi OR Munam OR Myungam OR Naega OR Naesung OR Nakdong OR Namhan OR Pumgok OR Sagae OR Samgi OR Seokhwa OR Soga OR Suyeong OR Suyong OR Wangjwa OR Woldong OR Yo OR Yongchon OR Yongge OR Yongwoon OR Chongryong OR Hanchon,HANX,Han,Raunaq,N,N,
104,Narrow by > Search within results (AND),Hari OR Harirud,HARI,Hari/Harirud,Raunaq,N,N,
105,Narrow by > Search within results (AND),Hamun I Mashkel OR Rakshan,HIMR,Hamun-i-Mashkel/Rakshan,Rachel,Y,N,Results only availabel for years 2014-2019
106,Narrow by > Search within results (AND),Ab-e Istadeh-ye OR Arghanadab OR Dasht-e Nuvar OR Hamuh-e Puzak OR Helmand OR Rowd-e Lurah OR Tarnak OR Kor OR Sivand,HLMD,Helmand,Rachel,N,N,
107,Narrow by > Search within results (AND),Hondo OR CAPS(Azul),HOND,Hondo,Rachel,N,N,
108,Narrow by > Search within results (AND),Har Us Nur,HRUN,Har Us Nur,Rachel,N,N,
109,Narrow by > Search within results (AND),Hsi OR Bei Jiang OR Dachun He OR Lian Jiang OR Liangjiang OR Maotiao He OR Miaotiaohe OR Sancha He OR Sanchahe OR Weijang OR Wengjiang,HSIX,Bei Jiang/Hsi,Rachel,Y,N,
110,Narrow by > Search within results (AND),Incomati OR Komati,ICMT,Incomati,Rachel,Y,N,
111,Narrow by > Search within results (AND),Ili OR Kunes He OR Illi OR Malaya Almaatinka,ILIX,Ili/Kunes He,Rachel,Y,N,
112,Narrow by > Search within results (AND),Indalsalven,INDL,Indalsalven,Rachel,Y,N,
113,Narrow by > Search within results (AND),Indus OR Shiqnan OR Aarzan Garzan OR Beas OR Bodhegaon OR Gilgit OR Jogwada OR Koyna OR Kundlika OR Saraswati OR Sindphana OR Chenab OR Haro OR Jamergal OR Jhelum OR Kabul OR Khal Kass OR Kundar OR Manch har Lake OR Nain Sikh OR Ravi OR Saddle Dam OR Sutlej OR Swat OR Tain Pura OR Zhob,INDU,Indus,Rachel,N,N,
114,Narrow by > Search within results (AND),Irrawaddy OR Daying OR Long Chuan OR Thoubal Turel OR Logtak Lake OR Chidwin OR Chindwin OR Chinthe OR Gedu OR Heinhtun OR Iudawgyi Lake OR Kaukkwe OR Kiu OR Kodan OR Lang OR CAPS(Ma) OR Mali OR Manipur OR Meza OR CAPS(Mon) OR Mu OR Myitnge OR Myittha OR Nampak OR Namyin OR Nat E-zu OR Nmai OR Pani OR Schweli OR Tainggwin OR Tamai OR Tarung OR Tizu-Nantaleik OR Uyn OR CAPS(Yao) OR CAPS(Yu) OR Zahaw,IRWD,Irrawaddy,Rachel,N,N,
115,Narrow by > Search within results (AND),Isonzo OR Soca,ISNZ,Isonzo,Rachel,Y,N,
116,Narrow by > Search within results (AND),Jayapura,JAPR,Jayapura,Rachel,Y,N,
117,Narrow by > Search within results (AND),Jacobs,JCBS,Jacobs,Rachel,N,N,
118,Narrow by > Search within results (AND),Jordan OR CAPS(Dead Sea) OR Sea of Galilee OR Nahr az Zarga OR Wadi al Jaydyb OR Yarmuk OR Hasbani,JORD,Jordan,Rachel,N,N,
119,Narrow by > Search within results (AND),Juba OR Shibeli OR Baua OR Daketa OR Fafen OR Genale OR Jerer OR Ramis OR T'er OR Wabe Gestro OR Wabe Shebele OR Welmel OR Dawa OR Madax Gooy OR Webi Shabelle,JUBA,Juba-Shibeli,Rachel,N,N,
120,Narrow by > Search within results (AND),Jurado,JURD,Jurado,Rachel,Y,N,
121,Narrow by > Search within results (AND),Kaladan,KALD,Kaladan,Rachel,Y,N,
122,Narrow by > Search within results (AND),Kemi OR Alasuolijarvi OR Askanjoki OR Jeesiojoki OR Juotasjoki OR Kemijoki OR Kemiyari OR Kitinen OR Luiro OR Luirojoki OR Ounasjoki OR Porttipahata Reservoir OR Unari,KEMI,Kemi,Rachel,Y,N,
123,Narrow by > Search within results (AND),Kogilnik,KGNK,Kogilnik,Rachel,Y,N,No Results Were Found in Search
124,Narrow by > Search within results (AND),Komoe OR Bayakokore OR Iringou OR Leraba-Occidentale OR,KMOE,Komoe,Rachel,Y,N,
125,Narrow by > Search within results (AND),Karnaphuli OR Karnafuli,KNFL,Karnaphuli,Rachel,Y,N,
126,Narrow by > Search within results (AND),Kowl E Namaksar,KOWL,Kowl E Namaksar,Rachel,N,N,
127,Narrow by > Search within results (AND),Krka,KRKA,Krka,Rachel,Y,N,
128,Narrow by > Search within results (AND),Klaralven OR Lettan OR Ore alv,KRLV,Klaralven,Rachel,Y,N,
129,Narrow by > Search within results (AND),Kunene OR Cunene OR Caculuvar,KUNE,Kunene,Rachel,Y,N,
130,Narrow by > Search within results (AND),Kura OR Araks OR Azat OR Lori OR Mingacevir Reservior OR Aragvi OR Iori OR Khrami OR Ahar OR Ajy Chay OR Aras OR Qareh,KURA,Kura-Araks,Rachel,N,N,
131,Narrow by > Search within results (AND),Lava OR Pregel,LAVA,Lava/Pregel,Rachel,Y,N,
132,Narrow by > Search within results (AND),Laguna Filaret,LGFL,Laguna Filaret,Rachel,Y,N,
133,Narrow by > Search within results (AND),Lotagipi Swamp,LGPS,Lotagipi Swamp,Rachel,N,N,
134,Narrow by > Search within results (AND),CAPS(Lima) OR Laguna de Antela,LIMA,Lima,Rachel,N,N,
135,Narrow by > Search within results (AND),Lake Azuei,LKAZ,Lake Azuei,Rachel,N,N,
136,Narrow by > Search within results (AND),Lake Chad OR Bamingui OR Bangoran OR Bongoul OR Goro OR Gribingui OR Kamear OR Manovo OR Ouandja OR Ouham OR Oulou OR Pende OR Vakaga OR Vassako OR Yata OR Dillia OR Tegouma OR Kano OR Katagum OR Komadugu Gana OR Ngadda OR Yedseram OR Wadi Tiwal OR Ba illi OR Bahr Aoak OR Bahr Azourn OR Bahr el Ghazal OR Soro OR Bahr Ergig OR Bahr Keita OR Doka OR Bahr Salamat OR Chari OR Logone,LKCH,Lake Chad,Rachel,N,N,
137,Narrow by > Search within results (AND),Lake Chilwa,LKCW,Lake Chilwa,Rachel,Y,N,
138,Narrow by > Search within results (AND),Lake Cayo,LKCY,Lake Cayo,Rachel,N,N,
139,Narrow by > Search within results (AND),Lak Dera,LKDR,Lak Dera,Rachel,Y,N,
140,Narrow by > Search within results (AND),Lake Enriquillo,LKEQ,Lake Enriquillo,Rachel,N,N,
141,Narrow by > Search within results (AND),Lake Fagnano,LKFN,Lake Fagnano,Rachel,N,N,
142,Narrow by > Search within results (AND),Lake Natron OR Ewaso Ng'iro,LKNT,Lake Natron,Rachel,N,N,
143,Narrow by > Search within results (AND),Lake Prespa OR Frankovishte OR Grabovice OR Grunjas OR Hyle OR Jame OR Mujaz OR P.pusave OR Plloce OR Stropske OR Vakefi,LKPP,Lake Prespa,Rachel,N,N,
144,Narrow by > Search within results (AND),Lake Rukwa,LKRW,Lake Rukwa,Rachel,Y,N,
145,Narrow by > Search within results (AND),Lake Sarygamesh,LKSG,Lake Sarygamesh,Rachel,N,N,
146,Narrow by > Search within results (AND),Lake Titicaca Poopo OR Lagoon Arapa,LKTC,Lake Titicaca-Poopo System,Rachel,Y,N,No Results Were Found in Search
147,Narrow by > Search within results (AND),Lake Turkana OR Ch'eq bahr OR Gojeb OR Omo OR Ferguson's Gulf OR Lotagipi Swamp OR Turkwel,LKTK,Lake Turkana,Rachel,Y,N,
148,Narrow by > Search within results (AND),Lake Ubsa OR Nur,LKUN,Lake Ubsa-Nur,Rachel,N,N,
149,Narrow by > Search within results (AND),Lielupe OR Levuo OR Musa OR Berze OR Lecava OR Memele OR Misa OR Svete,LLUP,Lielupe,Rachel,Y,N,
150,Narrow by > Search within results (AND),Lough Melvin,LMEL,Lough Melvin,Rachel,Y,N,
151,Narrow by > Search within results (AND),Lempa OR Lago de Guya OR CAPS(Grande) OR Embalse Cerron Grande,LMPA,Lempa,Rachel,N,N,
152,Narrow by > Search within results (AND),Limpopo OR Changane OR Elands OR Great Brak OR Great Letaba OR Klein Olifants OR Olifants OR Oompies OR Bubi OR Insiza OR Mchabezi OR Mtshabezi OR Mwenezi OR Shashe OR Thali OR Tuli OR Umtsabezi OR Umzingwani,LMPO,Limpopo,Rachel,N,N,
153,Narrow by > Search within results (AND),Lagoon Dos Patos OR Lagoon Mirim OR Yaguaron,LMRM,Lagoon Dos Patos-Lagoon Mirim,Rachel,Y,N,
154,Narrow by > Search within results (AND),Loes,LOES,Loes,Rachel,Y,N,
155,Narrow by > Search within results (AND),Loffa,LOFF,Loffa,Rachel,Y,N,
156,Narrow by > Search within results (AND),CAPS(La Plata) OR Bermejito OR Cataratas del Iguaza OR Chunapampa OR CAPS(Corrientes) OR Esteros del Ibera OR Iruya OR Parama OR CAPS(Pasaje) OR Pilaga OR CAPS(Salado) OR Teuco OR Uruguay OR Banados de Otaguis OR Camblaya OR Pilaya OR Tucaraca OR Yura OR Amambai OR Apore OR Araguari OR Arantes OR Bois OR Capivara OR Cascatinha OR CAPS(Claro) OR Corrente OR Corumba OR Da Prata OR Doce OR CAPS(Grande) OR Iguacu OR Iguatemi OR Irinheima OR Itarare OR Ivai OR Jaguaribe OR Juramento OR Mata OR Meia Ponte OR Mosquito OR Mourao OR Mulungu OR Parado OR Paran OR Parana Panema OR Paranaiba OR Paranapanema OR Pardo OR Piquiri OR Piracicaba OR Pirapitinga OR Prata OR Saltodas Sete Quedas OR Santa Luzia OR Sao Joao OR Sao Marcos OR Sucaria OR Tibagi OR Tiete OR Turro OR Acaray OR Apa OR Confaso OR Iguazu OR Monte Lindo OR Negro OR Parana OR Pilcomayo OR Tebicaary OR Timane OR CAPS(Verde) OR Yapane,LPTA,La Plata,Rachel,N,N,
157,Narrow by > Search within results (AND),CAPS(Little) Scarcies OR Mongo,LSCR,Little Scarcies,Rachel,Y,N,
158,Narrow by > Search within results (AND),Lucia,LUCI,Lucia,Rachel,N,N,
159,Narrow by > Search within results (AND),Mana OR Morro,MANA,Mana-Morro,Rachel,Y,N,
160,Narrow by > Search within results (AND),Maro,MARO,Maro,Rachel,Y,N,
161,Narrow by > Search within results (AND),CAPS(Massacre),MASS,Massacre,Rachel,Y,N,There may be overlapping or missing data due to having to breakdown the search by timeline intervals. **could not download last 78 documents in search**
162,Narrow by > Search within results (AND),CAPS(Ma) OR Het,MAXX,Ma,Rachel,N,N,
163,Narrow by > Search within results (AND),Mbe,MBEX,Mbe,Rachel,Y,N,There may be overlapping or missing data due to having to breakdown the search by timeline intervals.
164,Narrow by > Search within results (AND),Medjerda OR Medjerdah,MDJD,Medjerda,Rachel,Y,N,
165,Narrow by > Search within results (AND),Mekong OR Aiche He OR Bi OR Buyuan OR Chas OR Cheng Jiang OR Han Jiang OR Lianjiang OR Liu Jiang OR Long Jiang OR Mei He OR Mengliu He OR Mengmei He OR Ngom OR Qin Jiang OR Rong Jiang OR Shaping He OR Subaihe OR Weiyuan OR Wuhua He OR Wuhuahe OR Wuxi He OR Yangbi OR Yangmei He OR Za OR Zi OR Chas OR Chbar OR Chhloug OR Chuok OR Daum OR Krieng OR CAPS(Por) OR Porong OR Preas OR Prek Thnot OR San OR Sanker OR Sen OR Slaku OR Sreng OR Srepok OR Stung O'Chral OR CAPS(Te) OR Thnot OR Tonle Sap OR Bak OR Bang Fai OR Bang-Nouan OR Beng OR Champhon OR CAPS(Don) OR Kading OR Kaman OR Khan OR Kong OR Lanong OR Lik OR CAPS(Ma) OR CAPS(Met) OR Moun OR Nam Ngum Reservoir OR Ngao OR Ngay OR Ngiap OR Ngum OR Noy OR CAPS(On) OR CAPS(Ou) OR Pak OR Payou OR Pha OR Phoun OR Pouy OR Tha OR Xang OR Xangxoy OR Xeipan OR Xeng OR Xong OR Xou OR Hka OR Loi OR Nanlei OR Nanlan OR Chi OR Hung OR Ing OR Kok OR Mong OR Mun OR Nam Pong OR Nong Han OR Pao OR Songkharam OR Ubolratna Reservoir OR Banghiang OR Co Chien OR Drang OR Han Giang OR Hardrai OR Krong OR CAPS(Sun),MEKO,Mekong,Raunaq,N,N,
166,Narrow by > Search within results (AND),Muhuri OR CAPS(Little) Feni,MHRI,Muhuri (aka Little Feni),Rachel,Y,N,
167,Narrow by > Search within results (AND),Anllarinos OR Boeza OR Casoyo OR Eiros OR Lona OR Mino OR Valseco OR Arnoia OR Sil OR Lor OR Bibei OR Cua OR Laguna de Antela,MINO,Mino,Rachel,Y,N,There may be overlapping or missing data due to having to breakdown the search by timeline intervals.
168,Narrow by > Search within results (AND),Mira,MIRA,Mira,Rachel,Y,N,There may be overlaps or gaps in the data due to having to split the timeline into intervals in order to successfully download the documents.
169,Narrow by > Search within results (AND),Mississippi OR Milk OR CAPS(North Fork Milk) OR CAPS(South Fork Milk) OR Porcupine Creek OR Willow Creek OR Rock Creek OR Snake Creek OR Beaver Creek OR CAPS(Little Beaver Creek) OR Frenchman OR Whitewater Creek OR Cottonwood OR Battle Creek OR Lodge Creek OR Box Elder Creek OR Big Sandy Creek OR Sage Creek OR Verdigris Couless Or CAPS(Middle Fork Milk) OR Musselshell River OR Poplar OR CAPS(West Fork Poplar) OR CAPS(West Poplar) OR CAPS(Middle Fork Poplar RIver) OR CAPS(East Fork Poplar) OR CAPS(Big Muddy Creek) OR CAPS(Smoke Creek) OR CAPS(Lake Creek) OR CAPS(Big Muddy Lake) OR CAPS(Red River)OR Ohio OR Missouri OR Arkansas OR Illinois OR Allegheny OR Tennessee OR CAPS(Salt Lake) OR Loomis Coulee OR CAPS(East Poplar) OR CAPS(Goose Creek) OR CAPS(Coal Creek) OR Morgan Creek OR CAPS(Rock Creek) OR CAPS(Horse Creek) OR La Berge Creek,MISS,Mississippi,Rachel,N,N,
170,Narrow by > Search within results (AND),Mius,MIUS,Mius,Rachel,Y,N,
171,Narrow by > Search within results (AND),Moa,MOAX,Moa,Rachel,Y,N,There may be overlaps or gaps in data due to having to split the search into timeline intervals.
172,Narrow by > Search within results (AND),Moho,MOHO,Moho,Rachel,Y,N,
173,Narrow by > Search within results (AND),Mono OR Ogou,MONO,Mono,Rachel,Y,N,There may be some missing or overlapping data due to having to breakdown the timeline during the search
174,Narrow by > Search within results (AND),Motaqua,MOTQ,Motaqua,Rachel,Y,N,No Results Were Found in Search
175,Narrow by > Search within results (AND),Maputo,MPUT,Maputo,Rachel,Y,N,There may be missing or overlapping information due to the timeline search.
176,Narrow by > Search within results (AND),Murgab OR Gushgy,MRGB,Murgab,Rachel,Y,N,
177,Narrow by > Search within results (AND),Maroni OR Litani Itany OR Marouini OR Ouagui OR Tampol,MRNI,Maroni,Rachel,Y,N,
178,Narrow by > Search within results (AND),Maritsa OR Ovtcharitza OR Skender dere,MRSA,Maritsa,Rachel,Y,N,
179,Narrow by > Search within results (AND),Mataje,MTJE,Mataje,Rachel,Y,N,
180,Narrow by > Search within results (AND),Naaf,NAAF,Naaf River,Rachel,Y,N,
181,Narrow by > Search within results (AND),Naatamo,NAAT,Naatamo,Rachel,Y,N,Results list saved as PDF due to small number of results
182,Narrow by > Search within results (AND),Nidelva,NDLV,Nidelva,Rachel,Y,N,
183,Narrow by > Search within results (AND),CAPS(Negro),NEGR,Negro,Rachel,N,N,
184,Narrow by > Search within results (AND),Saskatchewan OR Amisk Lake OR Beaverhill Lake OR CAPS(Bow) OR Brazeau OR CAPS(Candle Lake) OR CAPS(Carrot) OR CAPS(Cedar Lake) OR Chin Coulee OR CAPS(Clear Water) OR Coulee OR CAPS(Eagle Creek) OR Etzikon Coulee OR Freshfield Icefield OR CAPS(Frog Lake) OR CAPS(Goose Lake) OR Kipp Coulee OR Lake Diefenbaka OR Lake Winnipeg OR CAPS(Little Bow) OR Manitoa Lake OR McGregor Lake OR Meinsinger Creek OR Minnewanka OR Nelson OR North Saskatchewan OR Oldman OR Pakowki Lake OR CAPS(Red) OR South Saskatchewan OR Sturgeon OR CAPS(Torch) OR Travers Reservoir OR CAPS(White Fox) OR CAPS(Willow Creek) OR CAPS(Wood) OR Lake of the Woods OR Lake Sakakwer OR CAPS(Red River) of North OR Sheyenne,NELS,Nelson-Saskatchewan,Rachel,N,N,
185,Narrow by > Search within results (AND),Sirba OR Lagdo Reservoir OR CAPS(Rey) OR O:Ti-n-Amzi OR Milo OR Tinkisso OR Bagoe OR Bani OR Baoule OR Lac Do OR Lac Garou OR Lac Aougoundou OR Lac Korarou OR Lac Niangay OR Lake Debo OR Vallee de L'azaouak OR Dallol Bosso OR Eliki OR Mekrou OR Dinya OR Gongola OR Gurara OR Ka OR Kaduna OR Kainj Lake OR Kam OR Katsin a Ala OR Niger OR Oli OR Sokoto OR Taraba OR Teshi OR Wase OR Zamfara OR Benue,NGER,Niger,Rachel,N,N,
186,Narrow by > Search within results (AND),Nahr El Kebir,NHRK,Nahr El Kebir,Rachel,N,N,
187,Narrow by > Search within results (AND),Lake Nasser OR Nile OR Abay OR Akkobo OR Angereb OR Baro OR Beles OR Dabus OR Didesa OR Dinder OR Gilo Wenz OR Hanger OR Jema OR Rahad OR Tana Hayak OR T'is Isat Fwafwate OR Akobo OR Atbara OR Bahr el Arab OR Bahr el Ghazal OR Bahr el Jebel OR Mountain Nile OR Bahr ez Zar af OR Boro OR Busseri OR El Bahr Abyad OR El Bahr el Azraq OR Blue Nile OR Gel OR Geni OR Ibba OR Tonj OR Jur OR Kangen OR Kenamuke Swamp OR Khashm el Quiba Dam OR Knor Abu Habi OR Kobowen Swamp OR Kuru OR Lake No OR Lake Nubia OR Lol OR Lotilla OR Nyanding OR Pibor OR Pongo OR Raga OR Raqaba ez Zarqa OR Roah OR Na'am OR Setit OR Tekeze OR Sobat OR CAPS(Sue) OR Umbelasha OR Veveno OR Wadi Amur OR Wadi el Allaqi OR Wadi el Ghalla OR Wadi el Milk OR Wadi Gabgaba OR Wadi Muqaddm OR Wau OR Yei OR Achwa OR Morotto OR Albert Nile OR Kafu OR Lake Albert OR Lake George OR Lake Kyoga OR Lake Victoria OR Nkusi OR Peger OR Victoria Nile OR White Nile OR Busizi OR Lac Kivu OR Lake Edward OR Lake Tanganyika OR Semliki,NILE,Nile,Rachel,N,N,
188,Narrow by > Search within results (AND),Neman OR Byarezina OR Isloch' OR Kotra OR Mowchadz OR Shchara OR Srislach OR Usa OR Viliya OR Voz. Narach OR Voz. Srir OR Vynya OR Zal'ryanka OR Akmend OR Dievogala OR Dubysa OR Dusia OR Grauze OR Jura OR Mitura OR Nemunas OR Neris OR Nevezis OR Nova OR Obelis OR Ova OR Sesuris OR Striuna OR Susre OR Sventoji,NMAN,Neman,Rachel,N,N,
189,Narrow by > Search within results (AND),Neretva,NRTV,Neretva,Rachel,Y,N,
190,Narrow by > Search within results (AND),Narva OR Peipus OR Vohandu OR Cherekha OR Kuchva OR L.Peipus OR Chudskoye Ozero OR Pskovskoye Ozero OR Sinyaya OR Utroya OR Velikaya,NRVA,Narva,Rachel,Y,N,
191,Narrow by > Search within results (AND),Nestos OR Myloremma,NSTO,Nestos,Rachel,Y,N,
192,Narrow by > Search within results (AND),Nyanga,NYGA,Nyanga,Rachel,Y,N,
193,Narrow by > Search within results (AND),Narynka,NYNK,Narynka,Rachel,Y,N,No Results Were Found in Search
194,Narrow by > Search within results (AND),Ertix OR Ulungur Hu OR Ertis OR Marqukol OR Zaysan Koli OR Agan OR Chulm OR Dem'yanka OR Irtysh OR Iset' OR Ishim OR Katun' OR Kazum OR Ket' OR Koli' yegan OR Lisitsa OR Ob OR Om' OR Parabel OR Pelym OR Rim OR Sabun OR Tara OR Tavda OR Tobol OR Turtas OR Tym OR Uluyul OR Vagay OR Vakh OR Vasyugan,OBXX,Ob,Rachel,N,N,
195,Narrow by > Search within results (AND),Oued Bon Naima,ODBN,Oued Bon Naima,Rachel,Y,N,
196,Narrow by > Search within results (AND),Oder OR Lobnicky potok OR Moravice OR Barycz OR Bobr OR Grabia OR Kwisa OR Matd Panew OR Neisse OR Nysaluzyckn OR Neris OR Notec OR Nysa Klodzka OR Obra OR Odra OR Pliszka OR Prosna OR Warta OR Watna OR Widawka,ODER,Oder/Odra,Rachel,Y,N,
197,Narrow by > Search within results (AND),Ogooue OR Abanga OR Aina OR Djadie OR Djouah OR Ikoy OR Ivindo OR Leconi OR Lolo OR Mvoung OR Ngounie OR Offoue OR Ouah OR Sebe,OGOO,Ogooue,Rachel,Y,N,
198,Narrow by > Search within results (AND),Okavango OR Cuatir OR Cuito OR Makgadikgadi Pans OR Tandaue OR Boteti OR Lake Ngami OR Lake Xau OR Nata OR Okvango Delta OR Omatako OR Otjozondjou,OKVG,Okavango,Rachel,Y,N,
199,Narrow by > Search within results (AND),Olanga OR Iijoki OR Oulujoki OR Pya Ozero,OLNG,Olanga,Rachel,Y,N,"No documents past December 31, 2019"
200,Narrow by > Search within results (AND),CAPS(Oral) OR Ural,ORAL,Oral/Ural,Rachel,N,N,
201,Narrow by > Search within results (AND),Auob OR CAPS(Fish) OR CAPS(Ham) OR Nossob OR Olifants OR Boskloof OR CAPS(Bulk) OR Caledon OR Dwars OR Flouriespruit OR CAPS(Great Fish) OR Groot OR Groot Vloer OR Harts OR Heks OR Houdenbek OR Kaffir OR Kammanassie OR Kareekloof OR Kariega OR Kgabanyane OR Klip OR Koekedou OR Kromme OR Kruis OR Kuruman OR Laughin Water OR Leeu OR Loopspruit OR CAPS(Lower Fish) OR Mahawana OR Modder OR Molopo OR Mooi OR Nuwejaarspruit OR Oorkanste OR CAPS(Orange) OR Palmiet OR Populierbosspruit OR Quains OR Rietspruit OR Rooikloof OR CAPS(Sand) OR Sanddriftskloof OR Sandgat OR Skaap OR Smalblaar OR Swartkops OR Tarka OR Titus OR Vaal OR Vaal Dam OR Valsh OR Van Stadens OR Verneuk Pan,ORAN,Orange,Rachel,N,N,
202,Narrow by > Search within results (AND),Orinoco OR Ariporo OR Bichada OR Bichado OR Bita OR Bocon OR Craro Norte OR Craw Sur OR Cusiana OR Guainia OR Guaviare OR Guayabera OR Inirida OR La Garcia OR La Gallinaza OR Losada OR Manacacias OR Mapiripan OR Nare OR Pauto OR CAPS(Playas) OR Salto Angostara I OR Salto Angostura II OR Salto Angostura III OR Tomo OR Tuparro OR Upia OR Ura OR Apure OR Arauca OR Buria OR Capana Paro OR Caroni OR Casiquiare OR Caura OR Chivapuri OR Cinaruco OR Cojedos OR Conorochite OR Cuchiveto OR Embalse de Guri OR Embalse de Guarico OR Erbetuto OR Gaurico OR Guanare OR CAPS(Meta) OR Paco OR Paragua OR Paru OR Parucito OR Portuguesa OR Siapa OR Sipapo OR Suapure OR Ventuari,ORIN,Orinoco,Rachel,N,N,
203,Narrow by > Search within results (AND),Oueme OR Okpara,OUEM,Oueme,Rachel,Y,N,
204,Narrow by > Search within results (AND),Oulu,OULU,Oulu,Rachel,Y,N,
205,Narrow by > Search within results (AND),Oiapoque OR Oyupock OR Camopi,OYPK,Oiapoque/Oyupock,Rachel,Y,N,
206,Narrow by > Search within results (AND),Pangani,PANG,Pangani,Rachel,Y,N,
207,Narrow by > Search within results (AND),CAPS(Paz),PAZX,Paz,Rachel,N,N,
208,Narrow by > Search within results (AND),Peschanaya,PCHA,Peschanaya,Rachel,Y,N,
209,Narrow by > Search within results (AND),Pedernales,PDNL,Pedernales,Sukriti,Y,N,
210,Narrow by > Search within results (AND),Pakchan,PKCN,Pakchan,Sukriti,Y,N,No documents found
211,Narrow by > Search within results (AND),Poldnevaya,PLDV,Poldnevaya,Sukriti,Y,N,No documents found
212,Narrow by > Search within results (AND),Palena,PLNA,Palena,Sukriti,Y,N,
213,Narrow by > Search within results (AND),Pandaruan,PNDR,Pandaruan,Sukriti,Y,N,
214,Narrow by > Search within results (AND),Maggia OR Meosa OR Moesa OR Ticina OR Adda OR Agogna OR Albano OR Arda OR Armisa OR Aveto OR Aviana OR Avio OR Avisio OR Baitone OR Belbo OR Belviso OR Bitto Di Gerola OR Boreaca OR Borleggia OR Bormida OR Brembo OR Brembo Di Branzi OR Caffaro OR Careser OR Caronno OR Ceno OR Cherio OR Chiese OR Chisone OR Cormor OR Dora Baltea OR Dora Riparia OR Elvo OR Enza OR Goglio OR Gorno OR Grana OR Grigno OR Inferno OR Bitto OR Laghetti Del Venerocolo OR Lago d' Iseo OR Lago d' Orta OR Lago di como OR Lago di Garda OR Lago di lecco OR Lago Maggiore OR Laione OR Leno Di Vallarsa OR Liro OR Lovareno OR Maira OR Mera OR Mincio OR Mora OR Noana OR Noce OR Noce Di Val Dal Monte OR Nure OR Oglio OR Ogna OR Orba OR Paharo OR Parma OR Pellice OR Po OR Poglia OR Poglia-Arno OR Poglia-Salarno OR Ratti OR Rio Castelletto OR Roasco OR Roasco D'Eita OR Sarca OR Scalcoggia OR Scrivia OR Secchia OR Seio OR Serio OR Sesia OR Sila OR Stabina OR Stura di Demonte OR Tanaro OR Taro OR Tartano OR Tidone OR Toscolano OR Travignolo OR Trebbia OR Truzzo OR Varaita OR Varrone OR Venina,POXX,Po,Sukriti,N,N,"10,000+"
215,Narrow by > Search within results (AND),Prohladnaja,PRLN,Prohladnaja,Sukriti,Y,N,No documents found
216,Narrow by > Search within results (AND),Parnu,PRNU,Parnu,Sukriti,Y,N,
217,Narrow by > Search within results (AND),Pascua,PSCU,Pascua,Sukriti,Y,N,800-990 left
218,Narrow by > Search within results (AND),Psou,PSOU,Psou,Sukriti,Y,N,
219,Narrow by > Search within results (AND),Pasvik OR Inari OR Ivalojoki OR Vaskojoki,PSVK,Pasvik,Sukriti,Y,N,
220,Narrow by > Search within results (AND),Patia,PTIA,Patia,Sukriti,Y,N,
221,Narrow by > Search within results (AND),Puelo,PUEL,Puelo,Sukriti,Y,N,
222,Narrow by > Search within results (AND),Pu Lun T'o,PULT,Pu Lun T'o,Sukriti,N,N,"10,000+"
223,Narrow by > Search within results (AND),Pungwe,PUNG,Pungwe,Sukriti,Y,N,
224,Narrow by > Search within results (AND),Rann of Kutch,RAKU,Rann of Kutch,Sukriti,N,N,"2,373"
225,Narrow by > Search within results (AND),CAPS(Red) OR Song Hong OR Amo OR Babian OR Lishe OR Lixian OR CAPS(Black) OR Luzhi OR Nanmuli He OR Nanpan Jiang OR Nanpanjiang OR Tangqiao He OR Xida He OR Chay OR CAPS(Da) OR Gam OR Kim OR Lo OR Luc Ngan OR CAPS(Ma) OR Meuk OR CAPS(Na) OR Nhie,REDX,Red/Song Hong,Sukriti,N,N,
226,Narrow by > Search within results (AND),Rezvaya,REZV,Rezvaya,Sukriti,N,N,No documents found
227,Narrow by > Search within results (AND),del Pino OR de la Bagia OR de la Zorra OR Agua Zarca OR Alamo OR Arroyo La Mina OR C. Camargo OR Candela OR Casas Coloradas OR Cerro Coloradas OR Cerro Gordo OR Chuviscar OR Conchos OR El Guardad OR El Rejon OR Florido OR Garabito OR Groceros OR La Sauceda OR Laguna Delicas OR Los Hoyos OR Los Mimbres OR Parral OR Pilon OR Presa de la Boquilla OR Presa Marte R. Comez OR Presa Venustiano Carranza OR Sabinas OR Sacramento OR Salado OR Salado y Salinas OR San Juan OR San Pedro OR San Rodrigo OR Seis de Enero OR Tunal OR Valsequillo OR Abiquin Reservoir OR Alamosa OR Amistad Reservoir OR Arroyo del Macho OR Brady Creek OR Brantley Lake OR Caballo Reservoir OR Cherokee Sandy Creek OR Coal Creek OR Comelys Branch OR Coyanosa Draw OR Curtis Canyon OR Delaware Creek OR CAPS(Devils) OR Elephant Butte Reservoir OR Falcon Lake OR Flat Rock Creek OR Gallinas OR Garrison Creek OR Gold Gulch OR Graveyard Canyon OR Guayo OR Howard Draw OR Independence Creek OR Jonson Draw OR Lake Avalon OR Lake Summer OR North Cheyenne Creek OR North Clear Creek OR Pecos OR Pellejas OR Pinto Creek OR Red Bluff Lake OR Rio Blanco OR Rio Chuma OR Rio Felix OR Rio Grande OR Rio Grande De Arecibo OR Rio Grande Reservoir OR Rio Hondo OR Rock Arroyo OR Rio Penasco OR Rio Puerco OR Rio Salado OR Rio San Jose OR Salt Creek OR San Carlos OR Santa Fe OR South Brady Creek OR Toyah Creek OR Toyah Lake OR Trinchera Creek OR CAPS(Vacas) OR Venturo Creek OR Washington Creek OR Williams Creek,RGNA,Rio Grande (North America),Sukriti,N,N,
228,Narrow by > Search within results (AND),CAPS(Rio Grande) OR CAPS(Grande) OR Hurtado,RGSA,Rio Grande (South America),Sukriti,N,N,
229,Narrow by > Search within results (AND),Rach Giang Thanh,RGTH,Rach Giang Thanh,Sukriti,N,N,"2,792"
230,Narrow by > Search within results (AND),Rhine OR Meuse OR Aare OR Birs OR Boden see OR Lake Constance OR Diechterbach OR Goschener-reuss OR Hinter rhein OR Oberaarbach OR Reuss OR Rhein da Medal OR Russein OR Sarine OR Toss OR Tscherzisbach OR Vorder rhein OR Zurich see OR Aa OR Aar OR Ahr OR Andrift OR Dreilagerbach OR Eder OR Elz OR Erft OR Glan OR Issel OR Kall OR Kinzig OR Kyll OR Lahn OR Lenne OR Main OR Mosel OR Moselle OR Murg OR Nahe OR Nidda OR Nidder OR Nister OR Perlenbach OR Rehbach OR Ruhr OR Rur OR Schwalm OR Sieg OR Taaber OR Wetter OR Wied OR Wiese OR Ain OR Etang de Lachaus see OR Ill OR Moder OR Orne OR Rhin OR Saar OR Thur OR I Jssel OR Lek OR Linge OR Nederrijn OR Nieuwe Maas OR Waal,RHIN,Rhine-Meuse,Sukriti,N,N,
231,Narrow by > Search within results (AND),Lake Geneva OR CAPS(Rotten) OR Aigues OR Ain OR Arc OR Ardeche OR Arly OR Asse OR Balaing OR Buech OR Cenise OR Dorinet OR Doron De Beaufort OR Doubs OR Drac OR Drome OR Durance OR Eau D'Olle OR Fier OR Flumet OR Gees OR Geez OR Grosne OR Infernet OR Lac d'anneay OR Lac de Serre-ponson OR Lac du Bourget OR Lac Leman OR Lone OR Poncellamont OR Rhone OR Riou OR Rious Gras OR Romanche OR Saone OR Torrent de la Sassiere OR Verdan OR Veyle OR Isere,RHON,Rhone,Sukriti,N,N,
232,Narrow by > Search within results (AND),Roia,ROIA,Roia,Sukriti,Y,N,
233,Narrow by > Search within results (AND),Ruvuma OR Lago Chinta OR Lake Malawi OR Luchulingo OR Lugenda,RVMA,Ruvuma,Sukriti,Y,N,
234,Narrow by > Search within results (AND),Sabi OR Lake Muririkwi OR Maroro OR Mukwadzi OR Munene OR Muneni OR Musongwa OR Mutirikwi OR Mutorashanga OR Mwarazi OR Ngezi OR Odzani OR Odzi OR Runde OR Squatodzi,SABI,Sabi,Sukriti,N,N,"8,283"
235,Narrow by > Search within results (AND),Santa Clara,SACL,Santa Clara,Sukriti,N,N,"10,000+"
236,Narrow by > Search within results (AND),Nha Be OR Saigon OR Song Vam Co Dong,SAIG,Nha Be-Saigon-Song Vam Co Dong,Sukriti,N,N,"2,083"
237,Narrow by > Search within results (AND),Salaca,SALC,Salaca,Sukriti,Y,N,
238,Narrow by > Search within results (AND),Salween OR Kuke OR Hsim OR Inle Lake OR CAPS(Ma) OR Nanding OR Pang OR Pawn OR Pilu OR Teng OR Moei OR Nan,SALW,Salween,Sukriti,N,N,"10,000+"
239,Narrow by > Search within results (AND),Samur,SAMR,Samur,Sukriti,Y,N,
240,Narrow by > Search within results (AND),Sanaga,SANA,Sanaga,Sukriti,Y,N,Problem with excel sheet download
241,Narrow by > Search within results (AND),Sassandra OR Lac de Buyo OR Lobo OR Nzo,SASS,Sassandra,Sukriti,N,N,"1,445"
242,Narrow by > Search within results (AND),Sebuku,SBKU,Sebuku,Sukriti,Y,N,Problem with excel sheet download
243,Narrow by > Search within results (AND),St. Croix OR Chiputneticook,SCRO,St. Croix,Sukriti,N,N,"2,664"
244,Narrow by > Search within results (AND),Seine OR Aube OR Eure OR Iton OR Marne OR Oise OR Vanne OR Yonne,SEIN,Seine,Sukriti,N,N,"10,000+"
245,Narrow by > Search within results (AND),Senegal OR Bafing OR Bakoye OR Baoule OR Karakoro OR Kolimbine OR Ouadou OR Gorgol Blanc,SENG,Senegal,Sukriti,N,N,"10,000+"
246,Narrow by > Search within results (AND),Seno Union OR Serrano,SENO,Seno Union/Serrano,Sukriti,N,N,"1,979"
247,Narrow by > Search within results (AND),Sepik,SEPK,Sepik,Rachel,Y,N,
248,Narrow by > Search within results (AND),Song Tien Yen,SGTY,Song Tien Yen,Sukriti,N,N,"10,000+"
249,Narrow by > Search within results (AND),Schelde OR Demer OR Dender OR Dijle OR Rupel,SHLD,Schelde,Rachel,Y,N,
250,Narrow by > Search within results (AND),Shu OR Chu,SHUR,Shu/Chu,Sukriti,N,N,
251,Narrow by > Search within results (AND),Sixaola,SIOL,Sixaola,Rachel,Y,N,
252,Narrow by > Search within results (AND),St. John,SJAF,St. John (Africa),Sukriti,N,N,
253,Narrow by > Search within results (AND),St. John OR Canaan OR Monquart OR Saint John OR Sisson OR Thames OR CAPS(Verde) OR Allasash OR CAPS(Eagle Lake) OR CAPS(Fish) OR CAPS(Long Lake) OR Munsungan lake OR Musquacook Lakes OR CAPS(Round Pond) OR Sqnapan Lake OR Umsaskis Lake,SJNA,St. John (North America),Sukriti,N,N,
254,Narrow by > Search within results (AND),San Juan OR Chiripo OR Lagoon De Arenal OR San Carlos,SJUA,San Juan,Sukriti,N,N,
255,Narrow by > Search within results (AND),Skagit,SKAG,Skagit,Sukriti,N,N,
256,Narrow by > Search within results (AND),Batoscam OR Bazin OR Beaharnois Canal OR Chaudiere OR Chicoutimi OR Chochocouane OR Coulonge OR Cross Lake OR Damoine OR Des Prairies OR Fildegrand OR Gatineau OR Gens De Terre OR Gradn Lac Victoria OR Grande Decharge OR Jacques-Cartier OR Jordan OR Kiamika OR Lac Batiscan OR Lac Byrd OR Lac Camachigama OR Lac Dandurand OR Lac des Quinze OR Lac Desert OR Lac du Fils OR Lac Dumoine OR Lac Dumont OR Lac Nemiscachingue OR Lac Poulter OR Lac Roger OR Lac Simard OR Lac St. Patrice OR Lac St. Pierre OR Lac Beaudry OR Lac Brule OR Lake Temagami OR Lake Timiskaming OR Lake Wayagamac OR Larder Lake OR Lievre OR Madawaska OR Manicouagan OR Matabitchuan OR Michipicoten OR Mississagi OR Mistigougueche OR Mitchinamecus OR Mitis OR Montreal OR CAPS(Noire) OR Outaouais Inf. OR Outardes OR Pend D'Oreille OR Peribonka OR Prairies OR River Des OR Du Lievre OR Red Ceder Lake OR Baskatong OR Cabonga OR Decelles OR Dozois OR Richelieu OR Rideau OR Riviere Des Quinze OR Ruisseau La Loutre OR Saguenay OR Saquenay Petite OR Shipshaw OR St. Maurice OR CAPS(Trout Creek) OR Victoria OR CAPS(White Bear) OR Winnepeg OR CAPS(Cranberry Lake) OR East Branch Oswegatchie OR Lake Champlain OR Lake George OR Lake Ontario OR Menominee OR Niagara OR Ottawa OR CAPS(Pine Creek) OR Raquette OR St. Lawrence OR Surannac Lakes,SLAW,St. Lawrence,Rachel,N,N,
257,Narrow by > Search within results (AND),San Martin,SMAR,San Martin,Sukriti,N,N,
258,Narrow by > Search within results (AND),Sembakung,SMBK,Sembakung,Rachel,Y,N,
259,Narrow by > Search within results (AND),St. Paul OR Diani,SPAU,St. Paul,Sukriti,N,N,
260,Narrow by > Search within results (AND),Sarata,SRTA,Sarata,Rachel,Y,N,
261,Narrow by > Search within results (AND),Sarstun,SRTU,Sarstun,Rachel,Y,N,
262,Narrow by > Search within results (AND),Stikine OR Chutine OR Kinaskan Lake OR Klappan OR Pitman OR Spatsizi OR Tahltan OR Tahltan Lake OR Tanzilla OR Tumeka Lake OR Tuya,STKN,Stikine,Sukriti,N,N,
263,Narrow by > Search within results (AND),Struma OR Ana Dere OR Beglichka OR Bersinski dol OR Devinski OR Kriva OR Matnitza OR Orolachka OR Stara reka OR Strouma OR Limni Kerkunis,STUM,Struma,Rachel,Y,N,
264,Narrow by > Search within results (AND),Suchiate,SUCT,Suchiate,Rachel,Y,N,
265,Narrow by > Search within results (AND),Sujfun,SUJF,Sujfun,Rachel,Y,N,No Results
266,Narrow by > Search within results (AND),Sulak OR Avar Koisu,SULK,Sulak,Rachel,Y,N,
267,Narrow by > Search within results (AND),Tafna OR Meffrouch,TAFN,Tafna,Rachel,Y,N,
268,Narrow by > Search within results (AND),Tagus OR A Campon OR Alagon OR Alberche OR Algodor OR Arroyo Canares OR Arroyo de la Venta OR Arroyo Esparragalejo OR Arroyo Helechal OR Embalse de Alcantara I OR Embalse de Alcantara II OR Embalse de Borbollon OR Embalse de El Vado OR Embalse de Entrepenas OR Embalse de Gagriel y Galan OR Embalse de Rosarito OR Embalse de Santillana OR Embalse de Buendia OR Embalse del Burguillo OR Fresnera OR Generala OR Guadarrama OR Guadiela OR Guadiloba OR Henares OR Jarama OR Jartin OR Lozoya OR Manzanares OR Navalmedio OR Pradera OR Salor OR Tajo OR Tajo y Sever OR Tajuna OR Tamuja OR Tietar OR Yedra OR Alva OR Barragem de Cabril OR Barragem de Maranhao OR Barragem de Montargil OR Barragem de Pracana OR Embalse De Cedillo OR Erges OR Mondego OR Muje OR Ocreza OR Ponsul OR S. Vicente OR Seda OR Sever OR Soa OR Sor OR Sorraia OR Tejo OR Toulica OR Zezere,TAGU,Tagus/Tejo,Sukriti,N,N,
269,Narrow by > Search within results (AND),Taku OR Inklin OR Nahlin OR Nakina OR Shes Lay OR Sloko,TAKU,Taku,Sukriti,N,N,
270,Narrow by > Search within results (AND),Talas,TALA,Talas,Rachel,Y,N,
271,Narrow by > Search within results (AND),Tami,TAMI,Tami,Sukriti,N,N,
272,Narrow by > Search within results (AND),Tana OR Anarjohka OR Karasjokka,TANA,Tana,Sukriti,N,N,
273,Narrow by > Search within results (AND),Tano,TANO,Tano,Rachel,Y,N,
274,Narrow by > Search within results (AND),Temash,TEMA,Temash,Rachel,Y,N,
275,Narrow by > Search within results (AND),Terek,TERK,Terek,Rachel,Y,N,
276,Narrow by > Search within results (AND),Shatt al Arab OR Dez OR Dicle OR Euphrates OR Karun OR Kashkan OR Lesser Zab OR Simareh OR Sultansuyu OR Tigris OR Tigris Khabur OR Al'Uzaym OR Aq Su OR Diyala OR Habbaniyah Lake OR Hawr al Awadh OR Hawr al Hammar OR Hawr as sa' diyah OR Hawr as saniyah OR Hawr as Sunwayquyah OR Razzaza Lake OR Sha'ib Hasb OR Tawuq Chay OR Tharthar Lake OR Wadi al Mani OR Wadi al Ubayyid OR Wadi Amij OR Wadi ar Patqah OR Wadi at Tubal OR Wadi Hawran OR Wadi Mulshi OR Wadi 'Ukash OR Zab al Kabir OR Zab assaghir OR Little Zab OR Wadi al Batin OR Wadi al Khurr OR Wadi Arar OR Wadi atTubal OR Wadi Hamir OR Buhayrat al Asad OR Sajur OR Wadi Shatnat as Salmas OR Frat OR Great Zab OR Khabur OR Murat OR Nizip OR Peri OR Tohma,TIGR,Tigris-Euphrates/Shatt al Arab,Sukriti,N,N,
277,Narrow by > Search within results (AND),Tijuana,TIJU,Tijuana,Sukriti,N,N,
278,Narrow by > Search within results (AND),Tjeroaka OR Wanggoe,TJWA,Tjeroaka-Wanggoe,Rachel,Y,N,No Results
279,Narrow by > Search within results (AND),Torne OR Kilpisjarvi OR Miekojarvi OR Jerisjarvi OR Konkamaalven OR Lanioalven OR Lataseno OR Muonioalven OR Parkajoki OR Tornealven OR Tornetrask,TORN,Torne/Tornealven,Rachel,Y,N,
280,Narrow by > Search within results (AND),Tarim,TRIM,Tarim,Rachel,Y,N,
281,Narrow by > Search within results (AND),Tuloma OR Iova OR Kovda OR Lotta OR Paz OR Tuloma OR Verhnetulomskoe OR Voroniya,TULM,Tuloma,Sukriti,N,N,
282,Narrow by > Search within results (AND),Tumbes,TUMB,Tumbes,Rachel,Y,N,
283,Narrow by > Search within results (AND),Tumen,TUMN,Tumen,Rachel,Y,N,
284,Narrow by > Search within results (AND),Umbeluzi OR Black Umbuluzi OR White Umbuluzi,UBLZ,Umbeluzi,Rachel,Y,N,
285,Narrow by > Search within results (AND),Umba,UMBA,Umba,Rachel,Y,N,
286,Narrow by > Search within results (AND),Unuk,UNUK,Unuk,Rachel,Y,N,
287,Narrow by > Search within results (AND),Utamboni,UTBN,Utamboni,Rachel,Y,N,No Results
288,Narrow by > Search within results (AND),Vanimo OR CAPS(Green),VAGR,Vanimo-Green,Sukriti,N,N,
289,Narrow by > Search within results (AND),Vecht,VCHT,Vecht,Rachel,Y,N,
290,Narrow by > Search within results (AND),Valdivia,VDVA,Valdivia,Rachel,Y,N,
291,Narrow by > Search within results (AND),Venta OR Lukstas,VENT,Venta,Rachel,Y,N,
292,Narrow by > Search within results (AND),Vefsna,VFSN,Vefsna,Rachel,Y,N,No Results
293,Narrow by > Search within results (AND),Vijose OR Brete OR Caush OR Cekreze OR Cycen OR Divjak OR Drin OR Dukaj OR Dushk OR Erzen OR Gadurove OR Germet OR Gjanice OR Gjokaj OR Gjynagal OR Holte OR Karbunar OR Kryekugi OR Malthike OR Manastir OR Manasufaj OR Morush OR Murriz OR Nashies OR P. madh OR Paskugan OR Pellg OR Perit OR Petresh OR Peze OR Prroi I zi OR Prroji arrave OR Prroji buzit OR Prroji zi OR Purrez OR Sauk OR Shegas OR Shkumbin OR Shupal OR Skrevanit OR Subloze OR Suka OR Tapize OR Teplas OR Terkuze OR Tirane OR Tomorrice OR Uji mbare OR Vashaj OR Vinokash OR Vrap OR Zajce OR Zh.I kuq OR Aoos OR Vjose,VJSE,Vijose,Sukriti,N,N,
294,Narrow by > Search within results (AND),Velaka,VLKA,Velaka,Rachel,Y,N,No Results
295,Narrow by > Search within results (AND),Volga OR Sheksna,VOLG,Volga,Sukriti,N,N,
296,Narrow by > Search within results (AND),Volta OR Massili OR Mouhoun OR CAPS(Black Volta) OR Nakanbe OR CAPS(White Volta) OR Nazinon OR CAPS(Red Volta) OR Nkambe OR Volta Blanche OR Daka OR Kulpawn OR Oti OR Tono,VOLT,Volta,Sukriti,N,N,
297,Narrow by > Search within results (AND),Vardar OR Bregalnica OR Crna OR Kriva OR Pcinja OR Treska OR Crna Reka OR Kocanska OR Lepenac OR Tresca,VRDR,Vardar,Rachel,Y,N,
298,Narrow by > Search within results (AND),Vistula OR Wista OR Lyasnaya OR Mukhavyets OR Ryta OR Biata OR Biatka OR Bug OR Bystrzyca OR Bzura OR Czarna OR Drweca OR Dtubnia OR Dunajec OR Itzanka OR Jezioro Jeziorak OR Jeziorka OR Krzna OR CAPS(Leg) OR Liwiec OR Lubuczowka OR Mtawka OR Nida OR Nurzec OR Ostaroa OR Pilica OR Raba OR Radomka OR Rzadza OR CAPS(San) OR Skrwa OR Sona OR Swider OR Wieprz OR Wistok OR Wistoka OR Wkra OR Wolica OR Zielawa OR Ozera Svityaz'ka,VSTL,Vistula/Wista,Sukriti,N,N,
299,Narrow by > Search within results (AND),Vuoksa OR Koitajoki OR Pielisjoki,VUKS,Vuoksa,Rachel,Y,N,
300,Narrow by > Search within results (AND),Whiting,WHIT,Whiting,Sukriti,N,N,
301,Narrow by > Search within results (AND),Wiedau,WIED,Wiedau,Rachel,Y,N,
302,Narrow by > Search within results (AND),Yalu,YALU,Yalu,Rachel,Y,N,
303,Narrow by > Search within results (AND),Aros OR Laguna de los Mexicanos OR Nacozari OR Papigochic OR Presu de la Angostura OR Santa Maria OR Tomochic OR Tutuaca OR Yaqui,YAQU,Yaqui,Sukriti,N,N,
304,Narrow by > Search within results (AND),Yelcho,YELC,Yelcho,Rachel,Y,N,Any results list under 2 results must be downloaded as PDF instead of excel
305,Narrow by > Search within results (AND),Jenisej OR Yenisey OR Angara OR Bakhta OR Bol Kheta OR Braskove Vdkhr OR Chadobets OR Chuna OR Egiyn OR Hanuy OR Ider OR Ilim OR Irkut OR Kan OR Kas OR Kochechan OR Nidym OR Nizhnyaya Tunguska OR Oka OR Ornon OR Oz. Keta OR Oz. Khantayskoye OR Oz. Pyasino OR Oz. Agaa OR Ozero Baykal OR Ozero Lama OR Podkamennaya Tunguska OR Selenge OR Sym OR Taymura OR Tembenchi OR Turu OR Tutonchana OR Uchami OR Uda OR Vel'mo OR Vivi OR Yeloguy OR Yenisei,YNSY,Jenisej/Yenisey,Sukriti,N,N,
306,Narrow by > Search within results (AND),Yser,YSER,Yser,Rachel,Y,N,
307,Narrow by > Search within results (AND),Arm OR Atlin Lake OR Bennett Lake OR CAPS(Big Creek) OR Big Kalzas Lake OR CAPS(Big Salmon) OR CAPS(Brooks Arm) OR Chandindu OR Claire Lake OR Diamain Lake OR Donjek OR Drary Lake OR Earn Lake OR Fortymile OR Frenchman Lake OR Gladys Lake OR Jennings OR Jennings Lakes OR Kalzas OR Klondike OR Kluane Lake OR Laforce Lake OR CAPS(Lake Creek) OR Lake Laberge OR Little Atlin Lake OR CAPS(Little Salmon Lake) OR CAPS(Long Lake) OR Magundy OR CAPS(Mayo) OR CAPS(Moose Lake) OR N. CAPS(Big Salmon) OR Nisling klaza OR Nisultin Lake OR Nisutlin OR Nome Lake OR Nordenskiold OR Pelly OR CAPS(Quiet Lake) OR Sixty mile OR Stewart OR Stokes Lake OR Surprise Lake OR Swift OR Tagosj Lake OR Talbot Arm OR Tatlman Lake OR Tay OR Teslin Lake OR Tincap Lake OR Tutshi Lake OR Wellesley Lake OR CAPS(White) OR CAPS(Wolf Lake) OR Yukon OR Alatna OR Andreafsky OR CAPS(Bear Creek) OR CAPS(Beaver Creek) OR CAPS(Big Creek) OR CAPS(Big Creek Diversion) OR CAPS(Big Mud) OR CAPS(Birth Creek) OR CAPS(Black) OR Bonasila OR CAPS(Bull Creek) OR Chandalar OR Chandalar Lake OR Charley OR Chena OR Chisana OR Chitanana OR Christian OR Clear Creek OR Cosna OR CAPS(Crow) OR Curlew Lake OR Dakli OR Dalbi OR Dall OR Dela OR Dennison Fork OR CAPS(Dry Creek) OR East Fork Chandalar OR East Fork Andreafsky OR CAPS(Fish Creek) OR CAPS(Fish Lake) OR CAPS(Flat Creek) OR Foraker OR Forty mile OR Gisasa OR Goodpaster OR CAPS(Grass) OR Grayling Fork OR Hadweenzic OR Healy OR Healy Lake OR Henshaw Creek OR Herron OR Hess Creek OR Hodzana OR Hogatza OR Huslia OR CAPS(Indian) OR Indian Creek OR Iniakuk OR Innoko OR Jarvis Creek OR Jim OR John OR Junjik OR Kanati OR Kandik OR Kantisnna OR Kateel OR Kaum Lake OR Khotol OR Kobuk OR Koness OR Koyukuk OR Kulik Lake OR Ladue OR Lake George OR Lake Minchumina OR Litte Melozitna OR Little Black OR Little Delta OR CAPS(Little Mud) OR CAPS(Lost) OR Lost Creek OR Lower Mouth OR Marten Creek OR Mckinley OR Melozitna OR Middle Fork Fish Creek OR Middle Fork Fortymile OR CAPS(Moose Creek) OR Mosquito Fork OR CAPS(Mud Creek) OR N. Fork Indian Creek OR N. Ladue OR N. CAPS(Fork) OR N. Fork Fortymile OR Nabesna OR Nageethluk OR Nation OR Nenana OR Nest Creek OR Norutak Lake OR Nowitna OR Nulato OR Old John Lake OR Preacher Creek OR Ray OR CAPS(Reindeer) OR Run Creek OR S. Fork koyukuk OR Salcha OR CAPS(Salmon Fork) OR Seventy mile OR Sheenjek OR Smoke Creek OR Staver Creek OR Sucker OR Sulutna OR Susulatna OR Tanana OR Tatalina OR Tatlanika OR Tatondak OR Teklanika OR Telsitna OR Tetlin Lake OR Titna OR Tok OR Toklat OR Tolovana OR Tozitna OR CAPS(Trail Creek) OR Upper Mouth OR Victoria Creek OR W. Fork Fortymile OR CAPS(Wild) OR CAPS(Wind) OR Woman Creek OR CAPS(Wood) OR Yuki OR Zitziana,YUKN,Yukon,Sukriti,N,N,
308,Narrow by > Search within results (AND),Zambezi OR Capembe OR Cuando OR Lomba OR Luangundo OR Luena OR Luiana OR Lungue-Bungo OR Lungwebunga OR Quembo OR Utembo OR Lago de Cahora Bassa OR Lake Chilwa OR Lake Malawi OR Lake Malombe OR Shire OR Basanga Swamp OR Dongwe OR Kabompo OR Lake Itezhi-Tezhi OR Linyati Chobe OR Luanginga OR Luege OR Lui OR Lukanga Swamp OR Lungwebungu OR Manyinga OR Mwom Bezhi OR Njoko OR West Lunga OR Changa OR Chirareri OR Dande OR Dere OR Dondo OR Gwayi OR Gwebi OR Kafue OR Lake Chivero OR Lake Kariba OR Manyame OR Marirangwe OR Mazowe OR Mtsike OR Munenga OR Munera OR Munganwa OR Munwa OR Munyati OR Munyera OR Munzi OR Mupfurudzi OR Mupinge OR Murowodzi OR Musengesi OR Mvumi OR Mwenje OR Nora OR Nyamanu OR Pembi OR Pote OR Nyama-shanga OR Rukute OR Ruya OR Saruwe OR Sengwa OR Serui OR Setorwe OR Shangani OR Suri Suri OR Susuje OR Umrodzi OR Umwindsi OR Vureneme OR Zambesi,ZAMB,Zambezi,Sukriti,N,N,
309,Narrow by > Search within results (AND),Zapaleri,ZAPL,Zapaleri,Rachel,N,N,No Results
310,Narrow by > Search within results (AND),Zarumilla,ZARM,Zarumilla,Rachel,Y,N,
311,Narrow by > Search within results (AND),Allahein,ALHN,Allahein,Rachel,N,N,
312,Narrow by > Search within results (AND),Ems OR Eems OR Westerwoldse Aa OR Dollart OR Dollard OR Werse OR Munstersche Aa OR Hunze OR Drentsche Aa,EMSX,Ems,Rachel,N,N,
313,Narrow by > Search within results (AND),Loa OR Silala OR Siloli OR Inacaliri OR Cajon OR San Pedro OR Salado OR Toconce,LOAX,Loa,Rachel,N,N,